№ строки	Название	Адрес	Дата начала строительства	Дата окончания строительства
1	Места стоянки легковых такси (1 и 2 этап)	УДС Суздальская ул. д.24	02.05.2012 4:00	31.12.2012 4:00
2	Места стоянки легковых такси (1 и 2 этап)	УДС Каховка ул. д.29а	02.05.2012 4:00	31.12.2012 4:00
3	Места стоянки легковых такси (1 и 2 этап)	УДС Севастопольский просп. д.11е	02.05.2012 4:00	31.12.2012 4:00
4	Места стоянки легковых такси (1 и 2 этап)	УДС Севастопольский просп. д.24б	02.05.2012 4:00	31.12.2012 4:00
5	Места стоянки легковых такси (1 и 2 этап)	УДС Алтуфьевское ш. д.86 к.1	02.05.2012 4:00	31.12.2012 4:00
6	Места стоянки легковых такси (1 и 2 этап)	УДС Алтуфьевское ш. д.88а	02.05.2012 4:00	31.12.2012 4:00
7	Места стоянки легковых такси (1 и 2 этап)	УДС Лескова ул. д.18а	02.05.2012 4:00	31.12.2012 4:00
8	Места стоянки легковых такси (1 и 2 этап)	УДС Хачатуряна ул. д.8	02.05.2012 4:00	31.12.2012 4:00
9	Места стоянки легковых такси (1 и 2 этап)	УДС Зелёный просп., д.22	02.05.2012 4:00	31.12.2012 4:00
10	Места стоянки легковых такси (1 и 2 этап)	УДС Дмитровское ш., д.26	02.05.2012 4:00	31.12.2012 4:00
11	Места стоянки легковых такси (1 и 2 этап)	УДС Масловка Нижняя ул., д.10	02.05.2012 4:00	31.12.2012 4:00
12	Места стоянки легковых такси (1 и 2 этап)	УДС Хорошёвское ш., д.37	02.05.2012 4:00	31.12.2012 4:00
13	Места стоянки легковых такси (1 и 2 этап)	УДС Преображенская пл., д.11	02.05.2012 4:00	31.12.2012 4:00
14	Места стоянки легковых такси (1 и 2 этап)	УДС Коровинское ш., д.16	02.05.2012 4:00	31.12.2012 4:00
15	Места стоянки легковых такси (1 и 2 этап)	УДС Путейская ул., д.2 к.2	02.05.2012 4:00	31.12.2012 4:00
16	Места стоянки легковых такси (1 и 2 этап)	УДС Череповецкая ул., д.1	02.05.2012 4:00	31.12.2012 4:00
17	Места стоянки легковых такси (1 и 2 этап)	УДС Городецкая ул., д.5а	02.05.2012 4:00	31.12.2012 4:00
18	Места стоянки легковых такси (1 и 2 этап)	УДС Линии Октябрьской Железной Дороги ул., д.1 с.4	02.05.2012 4:00	31.12.2012 4:00
19	Места стоянки легковых такси (1 и 2 этап)	УДС Зелёный просп., д.21	02.05.2012 4:00	31.12.2012 4:00
20	Места стоянки легковых такси (1 и 2 этап)	УДС Савеловского вокзала пл., д.2	02.05.2012 4:00	31.12.2012 4:00
21	Места стоянки легковых такси (1 и 2 этап)	УДС Будённого просп., д.53	02.05.2012 4:00	31.12.2012 4:00
22	Места стоянки легковых такси (1 и 2 этап)	УДС Первомайская ул. д.106-110	02.05.2012 4:00	31.12.2012 4:00
23	Места стоянки легковых такси (1 и 2 этап)	УДС Б. Академическая ул. д.35	02.05.2012 4:00	31.12.2012 4:00
24	Места стоянки легковых такси (1 и 2 этап)	УДС Дмитровское ш. д.89	02.05.2012 4:00	31.12.2012 4:00
25	Места стоянки легковых такси (1 и 2 этап)	УДС Зеленоградская ул. д.15	02.05.2012 4:00	31.12.2012 4:00
26	Места стоянки легковых такси (1 и 2 этап)	УДС Коровинское ш. д.23	02.05.2012 4:00	31.12.2012 4:00
27	Места стоянки легковых такси (1 и 2 этап)	УДС Михалковская ул. д.4	02.05.2012 4:00	31.12.2012 4:00
28	Места стоянки легковых такси (1 и 2 этап)	УДС Литовский б-р д.22	02.05.2012 4:00	31.12.2012 4:00
29	Места стоянки легковых такси (1 и 2 этап)	УДС Выход из станции метро Динамо возле Московской аллеи напротив Ленинградский просп., д. 36 стр.39	02.05.2012 4:00	31.12.2012 4:00
30	Места стоянки легковых такси (1 и 2 этап)	УДС Ленинградский просп. д.37 к.6	02.05.2012 4:00	31.12.2012 4:00
31	Места стоянки легковых такси (1 и 2 этап)	УДС Ленинградское ш. д.25	02.05.2012 4:00	31.12.2012 4:00
32	Места стоянки легковых такси (1 и 2 этап)	УДС Мира просп. д.97	02.05.2012 4:00	31.12.2012 4:00
33	Места стоянки легковых такси (1 и 2 этап)	УДС Фестивальная ул. д.2б	02.05.2012 4:00	31.12.2012 4:00
34	Места стоянки легковых такси (1 и 2 этап)	УДС Фестивальная ул. д.7	02.05.2012 4:00	31.12.2012 4:00
35	Места стоянки легковых такси (1 и 2 этап)	УДС в кармане возле входа на платформу Петровско-Разумовское, напртоив остановки Мосгортранса	02.05.2012 4:00	31.12.2012 4:00
36	Места стоянки легковых такси (1 и 2 этап)	УДС Дмитровское ш. д.13	02.05.2012 4:00	31.12.2012 4:00
37	Места стоянки легковых такси (1 и 2 этап)	УДС Ботаническая ул. д.29 к.1	02.05.2012 4:00	31.12.2012 4:00
38	Места стоянки легковых такси (1 и 2 этап)	УДС Плещеева ул. д.4	02.05.2012 4:00	31.12.2012 4:00
39	Места стоянки легковых такси (1 и 2 этап)	УДС Зеленый просп. д.81	02.05.2012 4:00	31.12.2012 4:00
40	Места стоянки легковых такси (1 и 2 этап)	УДС Зеленый просп. д.54-56	02.05.2012 4:00	31.12.2012 4:00
41	Места стоянки легковых такси (1 и 2 этап)	УДС Зеленый просп. д.79а	02.05.2012 4:00	31.12.2012 4:00
42	Места стоянки легковых такси (1 и 2 этап)	УДС Сокольническая пл., д.9а	02.05.2012 4:00	31.12.2012 4:00
43	Места стоянки легковых такси (1 и 2 этап)	УДС Ленинградское ш., д.11	02.05.2012 4:00	31.12.2012 4:00
44	Места стоянки легковых такси (1 и 2 этап)	УДС Щёлковское ш., д.100	02.05.2012 4:00	31.12.2012 4:00
45	Места стоянки легковых такси (1 и 2 этап)	УДС Юшуньская Малая ул. вл.1в с.2	02.05.2012 4:00	31.12.2012 4:00
46	Места стоянки легковых такси (1 и 2 этап)	УДС Череповецкая ул., д.17	02.05.2012 4:00	31.12.2012 4:00
47	Места стоянки легковых такси (1 и 2 этап)	УДС Менжинского ул., д.36	02.05.2012 4:00	31.12.2012 4:00
48	Места стоянки легковых такси (1 и 2 этап)	УДС Рижская пл., д.3	02.05.2012 4:00	31.12.2012 4:00
49	Передаваемые проекты ЗАО и ЗелАО,СВАО	УДС Зеленоград г., р-н Силино, вдоль ул. Болдов ручей	14.06.2012 4:00	31.12.2012 4:00
50	Передаваемые проекты ЗАО и ЗелАО,СВАО	УДС Зеленоград г., пересечение Центральный пр-т - Проезды 4900-4914	14.06.2012 4:00	31.12.2012 4:00
51	Передаваемые проекты ЗАО и ЗелАО,СВАО	УДС Филаретовская ул.	13.06.2012 4:00	31.12.2012 4:00
52	Передаваемые проекты ЗАО и ЗелАО,СВАО	УДС Зеленоград г., пересечение Центральный пр-т-Савелкинский пр.	14.06.2012 4:00	31.12.2012 4:00
53	Передаваемые проекты ЗАО и ЗелАО,СВАО	УДС Зеленоград г., 4-ый Западный проезд	14.06.2012 4:00	31.12.2012 4:00
54	Передаваемые проекты ЗАО и ЗелАО,СВАО	УДС Зеленоград г., Объездная дорога 18 микрорайон	13.06.2012 4:00	31.12.2012 4:00
55	Передаваемые проекты ЗАО и ЗелАО,СВАО	УДС Зеленоград г., Привокзальная площадь	13.06.2012 4:00	31.12.2012 4:00
56	Передаваемые проекты ЗАО и ЗелАО,СВАО	УДС Зеленоград г., Проезд 4921	13.06.2012 4:00	31.12.2012 4:00
57	Передаваемые проекты ЗАО и ЗелАО,СВАО	УДС Молодогвардейская ул., д.57 ООТ Предприятие ВОС	28.06.2012 4:00	31.12.2012 4:00
58	Передаваемые проекты ЗАО и ЗелАО,СВАО	УДС Новопеределкинская ул., -Боровское ш. в сторону МКАД	09.06.2012 4:00	31.12.2012 4:00
59	Передаваемые проекты ЗАО и ЗелАО,СВАО	УДС Скульптора Мухиной ул., - Чоботовская ул. (переходно-скоростная полоса)	13.06.2012 4:00	31.12.2012 4:00
60	Выполнение локальных мероприятий ЦАО	УДС Щепкина ул.	06.07.2012 4:00	31.12.2012 4:00
61	Обустройство ТПУ	ТПУ м. Речной вокзал	19.04.2012 4:00	31.12.2012 4:00
62	Обустройство ТПУ	ТПУ м. Алтуфьево	19.04.2012 4:00	31.12.2012 4:00
63	Обустройство ТПУ	ТПУ м. ВДНХ	19.04.2012 4:00	31.12.2012 4:00
64	Обустройство ТПУ	ТПУ м. Водный стадион	20.04.2012 4:00	31.12.2012 4:00
65	Обустройство ТПУ	ТПУ м. Войковская	19.04.2012 4:00	31.12.2012 4:00
66	Места стоянки легковых такси (1 и 2 этап)	УДС Зеленый просп. д.24-26	02.05.2012 4:00	31.12.2012 4:00
67	Места стоянки легковых такси (1 и 2 этап)	УДС Юности ул. д.5	02.05.2012 4:00	31.12.2012 4:00
68	Места стоянки легковых такси (1 и 2 этап)	УДС Дмитровское ш. д.49	02.05.2012 4:00	31.12.2012 4:00
69	Места стоянки легковых такси (1 и 2 этап)	УДС Бутырская ул. д.9	02.05.2012 4:00	31.12.2012 4:00
70	Места стоянки легковых такси (1 и 2 этап)	УДС Костромская ул. д.17	02.05.2012 4:00	31.12.2012 4:00
71	Места стоянки легковых такси (1 и 2 этап)	УДС Тимирязевская ул. д.17	02.05.2012 4:00	31.12.2012 4:00
72	Места стоянки легковых такси (1 и 2 этап)	УДС Яблочкова ул. д.19	02.05.2012 4:00	31.12.2012 4:00
73	Места стоянки легковых такси (1 и 2 этап)	УДС Беговая ул. д.22	02.05.2012 4:00	31.12.2012 4:00
74	Места стоянки легковых такси (1 и 2 этап)	УДС Хорошевское ш. д.39	02.05.2012 4:00	31.12.2012 4:00
75	Места стоянки легковых такси (1 и 2 этап)	УДС Хорошевское ш. д.82	02.05.2012 4:00	31.12.2012 4:00
76	Места стоянки легковых такси (1 и 2 этап)	УДС Хорошевское ш. д.1	02.05.2012 4:00	31.12.2012 4:00
77	Места стоянки легковых такси (1 и 2 этап)	УДС Хорошевское ш. д.22	02.05.2012 4:00	31.12.2012 4:00
78	Места стоянки легковых такси (1 и 2 этап)	УДС Автовокзал Щелковский	02.05.2012 4:00	31.12.2012 4:00
79	Места стоянки легковых такси (1 и 2 этап)	УДС Возле касс стадиона Локомотив	02.05.2012 4:00	31.12.2012 4:00
80	Места стоянки легковых такси (1 и 2 этап)	УДС Сокольническая пл. д.4а	02.05.2012 4:00	31.12.2012 4:00
81	Места стоянки легковых такси (1 и 2 этап)	УДС Измайловский Вал, фабрика Красная заря	02.05.2012 4:00	31.12.2012 4:00
82	Места стоянки легковых такси (1 и 2 этап)	УДС Бухвостова ул. д.12	02.05.2012 4:00	31.12.2012 4:00
83	Места стоянки легковых такси (1 и 2 этап)	УДС Измайловское ш. д.71 с.1б	02.05.2012 4:00	31.12.2012 4:00
84	Места стоянки легковых такси (1 и 2 этап)	УДС Свободный просп. д.19	02.05.2012 4:00	31.12.2012 4:00
85	Места стоянки легковых такси (1 и 2 этап)	УДС Свободный просп. д.33а	02.05.2012 4:00	31.12.2012 4:00
86	Места стоянки легковых такси (1 и 2 этап)	УДС Ул. 9-я Парковая (выход из ст. метро Первомайская)	02.05.2012 4:00	31.12.2012 4:00
87	Места стоянки легковых такси (1 и 2 этап)	УДС Семеновская Б. ул. д.26 с.2	02.05.2012 4:00	31.12.2012 4:00
88	Места стоянки легковых такси (1 и 2 этап)	УДС Черкизовская Б. ул. д.3 к.1	02.05.2012 4:00	31.12.2012 4:00
89	Места стоянки легковых такси (1 и 2 этап)	УДС Первомайская ул. д.93/20	02.05.2012 4:00	31.12.2012 4:00
90	Места стоянки легковых такси (1 и 2 этап)	УДС Буденного просп. д.18б	02.05.2012 4:00	31.12.2012 4:00
91	Места стоянки легковых такси (1 и 2 этап)	УДС Буденного просп. д.39 к.1	02.05.2012 4:00	31.12.2012 4:00
92	Места стоянки легковых такси (1 и 2 этап)	УДС Семеновская пл. д.1	02.05.2012 4:00	31.12.2012 4:00
93	Места стоянки легковых такси (1 и 2 этап)	УДС Центральный вход в парк Сокольники	02.05.2012 4:00	31.12.2012 4:00
94	Места стоянки легковых такси (1 и 2 этап)	УДС Щербаковская ул. д.53	02.05.2012 4:00	31.12.2012 4:00
95	Места стоянки легковых такси (1 и 2 этап)	УДС Ленинградский просп. д.62а	02.05.2012 4:00	31.12.2012 4:00
96	Места стоянки легковых такси (1 и 2 этап)	УДС Ганецкого пл. д.1а	02.05.2012 4:00	31.12.2012 4:00
97	Места стоянки легковых такси (1 и 2 этап)	УДС Вешняковская ул. д.18/1	02.05.2012 4:00	31.12.2012 4:00
98	Места стоянки легковых такси (1 и 2 этап)	УДС Купавенский Б. пр. д.6 с.1	02.05.2012 4:00	31.12.2012 4:00
99	Места стоянки легковых такси (1 и 2 этап)	УДС Улица Красный Казанец перед остановкой №9м	02.05.2012 4:00	31.12.2012 4:00
100	Места стоянки легковых такси (1 и 2 этап)	УДС Кусковская ул. д.2а	02.05.2012 4:00	31.12.2012 4:00
101	Места стоянки легковых такси (1 и 2 этап)	УДС Улица Реутовская, возле Гор. Больницы	02.05.2012 4:00	31.12.2012 4:00
102	Комплексное обустройство 43 улиц	УДС Черёмушкинская Большая ул.	09.08.2012 4:00	31.12.2012 4:00
103	Комплексное обустройство 43 улиц	УДС Шипиловская ул.	08.08.2012 4:00	31.12.2012 4:00
104	Комплексное обустройство 43 улиц	УДС Гарибальди ул.	26.09.2012 4:00	31.12.2012 4:00
105	Места стоянки легковых такси (1 и 2 этап)	УДС Каширское ш., д.25 м. каширская	02.05.2012 4:00	31.12.2012 4:00
106	Места стоянки легковых такси (1 и 2 этап)	УДС Каширское ш., д.42/1	02.05.2012 4:00	31.12.2012 4:00
107	Места стоянки легковых такси (1 и 2 этап)	УДС Хордовый проезд, Братеевская ул., д.21, Борисовские пруды д.16 корп. 5	02.05.2012 4:00	31.12.2012 4:00
108	Места стоянки легковых такси (1 и 2 этап)	УДС Проектируемый проезд 5396, вл. 15	02.05.2012 4:00	31.12.2012 4:00
109	Места стоянки легковых такси (1 и 2 этап)	УДС Мусы Джалиля ул., д.2/3	02.05.2012 4:00	31.12.2012 4:00
110	Места стоянки легковых такси (1 и 2 этап)	УДС Привольная ул., д.29	02.05.2012 4:00	31.12.2012 4:00
111	Места стоянки легковых такси (1 и 2 этап)	УДС Рязанский просп., д.1	02.05.2012 4:00	31.12.2012 4:00
112	Комплексное обустройство 43 улиц	УДС Коровинское ш.	06.09.2012 4:00	31.12.2012 4:00
113	Комплексное обустройство 43 улиц	УДС Коровинское ш.	17.10.2012 4:00	31.12.2013 4:00
114	Комплексное обустройство 43 улиц	УДС Коровинское ш.	12.09.2012 4:00	31.12.2012 4:00
115	Комплексное обустройство 43 улиц	УДС Коровинское ш.	23.08.2012 4:00	31.12.2012 4:00
116	Комплексное обустройство 43 улиц	УДС Коровинское ш.	12.09.2012 4:00	31.12.2012 4:00
117	Комплексное обустройство 43 улиц	УДС Коровинское ш.	17.10.2012 4:00	31.12.2013 4:00
118	Комплексное обустройство 43 улиц	УДС Коровинское ш.	06.08.2012 4:00	31.12.2012 4:00
119	Комплексное обустройство 43 улиц	УДС Коровинское ш.	12.09.2012 4:00	31.12.2012 4:00
120	Комплексное обустройство 43 улиц	УДС Коровинское ш.	06.08.2012 4:00	31.12.2012 4:00
121	Комплексное обустройство 43 улиц	УДС Коровинское ш.	06.08.2012 4:00	31.12.2012 4:00
122	Комплексное обустройство 43 улиц	УДС Академика Скрябина ул.	08.08.2012 4:00	31.12.2012 4:00
123	Комплексное обустройство 43 улиц	УДС Академика Скрябина ул.	08.08.2012 4:00	31.12.2012 4:00
124	Комплексное обустройство 43 улиц	УДС Люблинская ул.	08.08.2012 4:00	31.12.2012 4:00
125	Комплексное обустройство 43 улиц	УДС Люблинская ул.	08.08.2012 4:00	31.12.2012 4:00
126	Комплексное обустройство 43 улиц	УДС Люблинская ул.	08.08.2012 4:00	31.12.2012 4:00
127	Комплексное обустройство 43 улиц	УДС Голубинская ул.	03.08.2012 4:00	31.12.2012 4:00
128	Комплексное обустройство 43 улиц	УДС Голубинская ул.	03.08.2012 4:00	31.12.2012 4:00
129	Комплексное обустройство 43 улиц	УДС Голубинская ул.	27.07.2012 4:00	31.12.2012 4:00
130	Комплексное обустройство 43 улиц	УДС Голубинская ул.	03.08.2012 4:00	31.12.2012 4:00
131	Комплексное обустройство 43 улиц	УДС Миклухо-Маклая ул.	02.08.2012 4:00	31.12.2012 4:00
132	Комплексное обустройство 43 улиц	УДС Миклухо-Маклая ул.	02.08.2012 4:00	31.12.2012 4:00
133	Комплексное обустройство 43 улиц	УДС Миклухо-Маклая ул.	02.08.2012 4:00	31.12.2012 4:00
134	Комплексное обустройство 43 улиц	УДС Нахимовский просп.	08.08.2012 4:00	31.12.2012 4:00
135	Комплексное обустройство 43 улиц	УДС Нахимовский просп.	08.08.2012 4:00	31.12.2012 4:00
136	Комплексное обустройство 43 улиц	УДС Нахимовский просп.	08.08.2012 4:00	31.12.2012 4:00
137	Комплексное обустройство 43 улиц	УДС Нахимовский просп.	09.08.2012 4:00	31.12.2012 4:00
138	Комплексное обустройство 43 улиц	УДС Новоясеневский просп.	09.08.2012 4:00	31.12.2012 4:00
139	Комплексное обустройство 43 улиц	УДС Новоясеневский просп.	09.08.2012 4:00	31.12.2012 4:00
140	Комплексное обустройство 43 улиц	УДС Новоясеневский просп.	08.08.2012 4:00	31.12.2012 4:00
141	Комплексное обустройство 43 улиц	УДС Новоясеневский просп.	08.08.2012 4:00	31.12.2012 4:00
142	Комплексное обустройство 43 улиц	УДС Одесская ул.	06.08.2012 4:00	31.12.2012 4:00
143	Комплексное обустройство 43 улиц	УДС Симферопольский б-р	08.08.2012 4:00	31.12.2012 4:00
144	Комплексное обустройство 43 улиц	УДС Симферопольский б-р	08.08.2012 4:00	31.12.2012 4:00
145	Комплексное обустройство 43 улиц	УДС Тёплый Стан ул.	03.08.2012 4:00	31.12.2012 4:00
146	Комплексное обустройство 43 улиц	УДС Тёплый Стан ул.	27.07.2012 4:00	31.12.2012 4:00
147	Передаваемые проекты ЗАО и ЗелАО,СВАО	УДС Скульптора Мухиной ул.,  - Чоботовская ул. (уширение проезжей части)	13.06.2012 4:00	31.12.2012 4:00
148	Передаваемые проекты ЗАО и ЗелАО,СВАО	УДС Славянский б-р,  - Давыдковская ул. ООТ Детский сад	09.06.2012 4:00	31.12.2012 4:00
149	Передаваемые проекты ЗАО и ЗелАО,СВАО	УДС Славянский б-р, - Кременчугская ул. ООТ Алексея Свиридова	09.06.2012 4:00	31.12.2012 4:00
150	Парковочное пространство на УДС	УДС Гнездниковский Большой пер......... Кисловский Ср. пер пр1 титул 2012г.	13.06.2012 4:00	31.12.2012 4:00
151	Парковочное пространство на УДС	УДС Георгиевский пер. ... Покровка ул. пр1 титул 2012г.	13.06.2012 4:00	31.12.2012 4:00
152	Парковочное пространство на УДС	УДС Биржевая пл. ... Яузский б-р пр1 титул 2012г.	13.06.2012 4:00	31.12.2012 4:00
153	Устройство ОРП и ПП (ед)	ПП Липецкая ул.	16.05.2012 4:00	31.12.2012 4:00
154	Устройство ОРП и ПП (ед)	ПП Липецкая ул.	12.09.2012 4:00	31.12.2012 4:00
155	Устройство ОРП и ПП (ед)	ПП Пятницкое ш.	21.05.2012 4:00	31.12.2012 4:00
156	Устройство ОРП и ПП (ед)	ОРП Ярославское ш.	06.08.2012 4:00	31.12.2012 4:00
157	Устройство ОРП и ПП (ед)	ОРП Ярославское ш.	19.11.2012 4:00	31.12.2012 4:00
158	Устройство ОРП и ПП (ед)	ОРП Энтузиастов ш.	27.07.2012 4:00	31.12.2012 4:00
159	Устройство ОРП и ПП (ед)	ОРП Энтузиастов ш.	12.11.2012 4:00	31.12.2012 4:00
160	Устройство ОРП и ПП (ед)	ОРП Энтузиастов ш.	27.07.2012 4:00	31.12.2012 4:00
161	Устройство ОРП и ПП (ед)	ОРП Братеевская ул. (3 мкр Братеево)	08.09.2012 4:00	31.12.2012 4:00
162	Устройство ОРП и ПП (ед)	ОРП Братеевская ул. (3 мкр Братеево)	30.07.2012 4:00	31.12.2012 4:00
163	Устройство ОРП и ПП (ед)	ОРП Привольная ул. вл.71 (6 мкр Жулебино)	14.09.2012 4:00	31.12.2012 4:00
164	Устройство ОРП и ПП (ед)	ОРП Профсоюзная ул. (Генерала Тюленева)	30.07.2012 4:00	31.12.2012 4:00
165	Устройство ОРП и ПП (ед)	ОРП Профсоюзная ул. (Генерала Тюленева)	30.07.2012 4:00	31.12.2012 4:00
166	Устройство ОРП и ПП (ед)	ОРП Ленинградское ш.	17.08.2012 4:00	31.12.2012 4:00
167	Устройство ОРП и ПП (ед)	ОРП Ленинградское ш.	19.04.2012 4:00	31.12.2012 4:00
168	Места стоянки легковых такси (1 и 2 этап)	УДС Машиностроения 1-я ул., д.7	02.05.2012 4:00	31.12.2012 4:00
169	Места стоянки легковых такси (1 и 2 этап)	УДС Гурьянова ул., д.2 к.1 м. Печатники	02.05.2012 4:00	31.12.2012 4:00
170	Места стоянки легковых такси (1 и 2 этап)	УДС Шарикоподшипниковская ул., д.13/2	02.05.2012 4:00	31.12.2012 4:00
171	Места стоянки легковых такси (1 и 2 этап)	УДС Краснодарская ул. ТЦ Москва	02.05.2012 4:00	31.12.2012 4:00
172	Места стоянки легковых такси (1 и 2 этап)	УДС Краснодонская ул. м. Волжская	02.05.2012 4:00	31.12.2012 4:00
173	Места стоянки легковых такси (1 и 2 этап)	УДС Хлобыстова ул., д.2	02.05.2012 4:00	31.12.2012 4:00
174	Места стоянки легковых такси (1 и 2 этап)	УДС Хвалынский б-р, д.5	02.05.2012 4:00	31.12.2012 4:00
175	Места стоянки легковых такси (1 и 2 этап)	УДС Генерала Кузнецова ул., д.16	02.05.2012 4:00	31.12.2012 4:00
176	Места стоянки легковых такси (1 и 2 этап)	УДС Привольная ул., д.71	02.05.2012 4:00	31.12.2012 4:00
177	Места стоянки легковых такси (1 и 2 этап)	УДС Рязанский просп., д.2 ТЦ Город	02.05.2012 4:00	31.12.2012 4:00
178	Места стоянки легковых такси (1 и 2 этап)	УДС Волгоградский просп., д.119а м. Кузьминки	02.05.2012 4:00	31.12.2012 4:00
179	Места стоянки легковых такси (1 и 2 этап)	УДС Трофимова ул., д.35/20 м.Кожуховская	02.05.2012 4:00	31.12.2012 4:00
180	Места стоянки легковых такси (1 и 2 этап)	УДС Мельникова ул. д.7	02.05.2012 4:00	31.12.2012 4:00
181	Места стоянки легковых такси (1 и 2 этап)	УДС Энтузиастов ш., д.7а ТЦ Рогожская застава	02.05.2012 4:00	31.12.2012 4:00
182	Места стоянки легковых такси (1 и 2 этап)	УДС Карачаровское ш., д.15	02.05.2012 4:00	31.12.2012 4:00
183	Места стоянки легковых такси (1 и 2 этап)	УДС Энтузиастов ш., д.26 пл. Новая	02.05.2012 4:00	31.12.2012 4:00
184	Места стоянки легковых такси (1 и 2 этап)	УДС Госпитальная ул., д.14/1	02.05.2012 4:00	31.12.2012 4:00
185	Места стоянки легковых такси (1 и 2 этап)	УДС Ладожская ул., д.2/37, стр.4	02.05.2012 4:00	31.12.2012 4:00
186	Места стоянки легковых такси (1 и 2 этап)	УДС Мясницкий пр., д.4/2 м. Красные ворота	02.05.2012 4:00	31.12.2012 4:00
187	Места стоянки легковых такси (1 и 2 этап)	УДС Арбат ул., д.1	02.05.2012 4:00	31.12.2012 4:00
188	Места стоянки легковых такси (1 и 2 этап)	УДС м. Сухаревская	02.05.2012 4:00	31.12.2012 4:00
189	Места стоянки легковых такси (1 и 2 этап)	УДС Цветной б-р, д.15 м. Цветной бульвар	02.05.2012 4:00	31.12.2012 4:00
190	Места стоянки легковых такси (1 и 2 этап)	УДС Петровка ул., д.10	02.05.2012 4:00	31.12.2012 4:00
191	Места стоянки легковых такси (1 и 2 этап)	УДС Пречистенских Ворот пл. вл. 1 стр.6 м. Кропоткинская	02.05.2012 4:00	31.12.2012 4:00
192	Места стоянки легковых такси (1 и 2 этап)	УДС Театральный пр., д.1/6	02.05.2012 4:00	31.12.2012 4:00
193	Места стоянки легковых такси (1 и 2 этап)	УДС Театральный пр., д.2	02.05.2012 4:00	31.12.2012 4:00
194	Места стоянки легковых такси (1 и 2 этап)	УДС Славянская пл., м. Китай-город	02.05.2012 4:00	31.12.2012 4:00
195	Места стоянки легковых такси (1 и 2 этап)	УДС Котельническая наб., д.1/15	02.05.2012 4:00	31.12.2012 4:00
196	Места стоянки легковых такси (1 и 2 этап)	УДС Крымский Вал ул., парк им. Горького	02.05.2012 4:00	31.12.2012 4:00
197	Места стоянки легковых такси (1 и 2 этап)	УДС Болотная пл.	02.05.2012 4:00	31.12.2012 4:00
198	Места стоянки легковых такси (1 и 2 этап)	УДС Серафимовича ул., д.2 к.10	02.05.2012 4:00	31.12.2012 4:00
199	Места стоянки легковых такси (1 и 2 этап)	УДС Волхонка ул., д.13	02.05.2012 4:00	31.12.2012 4:00
200	Места стоянки легковых такси (1 и 2 этап)	УДС Красная Пресня ул., д.4	02.05.2012 4:00	31.12.2012 4:00
201	Места стоянки легковых такси (1 и 2 этап)	УДС Дубининская ул., д.7/4, Павелецкий вокзал	02.05.2012 4:00	31.12.2012 4:00
202	Места стоянки легковых такси (1 и 2 этап)	УДС Комсомольская пл., д.2 Казанский вокзал	02.05.2012 4:00	31.12.2012 4:00
203	Места стоянки легковых такси (1 и 2 этап)	УДС Новорязанская ул., д.10 Казанский вокзал	02.05.2012 4:00	31.12.2012 4:00
204	Места стоянки легковых такси (1 и 2 этап)	УДС Рязанский проезд Казанский вокзал	02.05.2012 4:00	31.12.2012 4:00
205	Места стоянки легковых такси (1 и 2 этап)	УДС Комсомольская пл., д.5	02.05.2012 4:00	31.12.2012 4:00
206	Места стоянки легковых такси (1 и 2 этап)	УДС Краснопрудная ул., Ленинградский вокзал	02.05.2012 4:00	31.12.2012 4:00
207	Места стоянки легковых такси (1 и 2 этап)	УДС Курского вокзала пл.	02.05.2012 4:00	31.12.2012 4:00
208	Места стоянки легковых такси (1 и 2 этап)	УДС Белорусский вокзал	02.05.2012 4:00	31.12.2012 4:00
209	Места стоянки легковых такси (1 и 2 этап)	УДС Тверская Застава пл., д.1 м. Белорусская	02.05.2012 4:00	31.12.2012 4:00
210	Места стоянки легковых такси (1 и 2 этап)	УДС Нижегородская ул., д.1 ТЦ Нижегородский пассаж	02.05.2012 4:00	31.12.2012 4:00
211	Места стоянки легковых такси (1 и 2 этап)	УДС Абельмановская ул., д.17	02.05.2012 4:00	31.12.2012 4:00
212	Места стоянки легковых такси (1 и 2 этап)	УДС Никольская ул., д.25	02.05.2012 4:00	31.12.2012 4:00
213	Заездные карманы на вылетных магистралях	УДС Новопеределкино (11-й мкр.) -Боровское ш.-Мичуринский просп.-Киевский вокзал	28.06.2012 4:00	31.12.2012 4:00
214	Заездные карманы на вылетных магистралях	УДС Новопеределкино (11-й мкр.) -Боровское ш.-Мичуринский просп.-Киевский вокзал	28.06.2012 4:00	31.12.2012 4:00
215	Заездные карманы на вылетных магистралях	УДС Румянцево-Ленинский проспект-кинотеатр Ударник	08.06.2012 4:00	31.12.2012 4:00
216	Передаваемые проекты ЗАО и ЗелАО,СВАО	УДС Молодогвардейская д. 46, ООТ Молодогвардейская	13.06.2012 4:00	31.12.2012 4:00
217	Передаваемые проекты ЗАО и ЗелАО,СВАО	УДС Кременчугская ул. на пересечении с ул. Давыдковская	09.06.2012 4:00	31.12.2012 4:00
218	Заездные карманы на вылетных магистралях	УДС Андропова пр-т.-Бакинская ул.-Липецкая ул	09.07.2012 4:00	31.12.2012 4:00
219	Заездные карманы на вылетных магистралях	УДС Андропова пр-т.-Бакинская ул.-Липецкая ул	09.07.2012 4:00	31.12.2012 4:00
220	Передаваемые проекты ЗАО и ЗелАО,СВАО	УДС Зеленоград г., Андреевка ул.	12.07.2012 4:00	31.12.2012 4:00
221	Передаваемые проекты ЗАО и ЗелАО,СВАО	УДС Зеленоград г., Андреевка ул.	12.07.2012 4:00	31.12.2012 4:00
222	Передаваемые проекты ЗАО и ЗелАО,СВАО	УДС Зеленоград г., Железнодорожная ул.	06.07.2012 4:00	31.12.2012 4:00
223	Передаваемые проекты ЗАО и ЗелАО,СВАО	УДС Зеленоград г., Каштановая аллея	16.08.2012 4:00	31.12.2012 4:00
224	Передаваемые проекты ЗАО и ЗелАО,СВАО	УДС Зеленоград г., Крюковская площадь	06.07.2012 4:00	31.12.2012 4:00
225	Передаваемые проекты ЗАО и ЗелАО,СВАО	УДС Зеленоград г., Михайловка ул.	06.07.2012 4:00	31.12.2012 4:00
226	Передаваемые проекты ЗАО и ЗелАО,СВАО	УДС Зеленоград г., Пересечение Центрального проспекта - Панфиловский проспект	06.07.2012 4:00	31.12.2012 4:00
227	Передаваемые проекты ЗАО и ЗелАО,СВАО	УДС Зеленоград г., Проезд 4914	06.07.2012 4:00	31.12.2012 4:00
228	Передаваемые проекты ЗАО и ЗелАО,СВАО	УДС Зеленоград г., Логвиненко ул. (дорожное барьерное ограждение)	06.07.2012 4:00	31.12.2012 4:00
229	Передаваемые проекты ЗАО и ЗелАО,СВАО	УДС Зеленоград г., Проезд 4900	06.07.2012 4:00	31.12.2012 4:00
230	Выполнение локальных мероприятий ЦАО	УДС Крутицкий 3-й пер.	06.07.2012 4:00	31.12.2012 4:00
231	Парковочное пространство на УДС	УДС Знаменский Большой пер......Староваганьковский пер. пр1 титул 2012г.	13.06.2012 4:00	31.12.2012 4:00
232	Места стоянки легковых такси (1 и 2 этап)	УДС Рогожская Застава пл., д.2 м. Площадь Ильича	02.05.2012 4:00	31.12.2012 4:00
233	Места стоянки легковых такси (1 и 2 этап)	УДС Рогожская Застава пл., д.2 ТЦ Обувь Сити	02.05.2012 4:00	31.12.2012 4:00
234	Места стоянки легковых такси (1 и 2 этап)	УДС Ореховый б-р, д.24, к.1 м. Красногвардейская	02.05.2012 4:00	31.12.2012 4:00
235	Места стоянки легковых такси (1 и 2 этап)	УДС Ореховый б-р, д.22, м. Красногвардейская	02.05.2012 4:00	31.12.2012 4:00
236	Места стоянки легковых такси (1 и 2 этап)	УДС Домодедовская ул., д.28	02.05.2012 4:00	31.12.2012 4:00
237	Места стоянки легковых такси (1 и 2 этап)	УДС Каширское ш., д.80	02.05.2012 4:00	31.12.2012 4:00
238	Места стоянки легковых такси (1 и 2 этап)	УДС Домодедовская ул., д.12	02.05.2012 4:00	31.12.2012 4:00
239	Места стоянки легковых такси (1 и 2 этап)	УДС Тюрина ул., д.4 КПП 13 музей-заповедник Царицино	02.05.2012 4:00	31.12.2012 4:00
240	Места стоянки легковых такси (1 и 2 этап)	УДС Булатниковский пр., вл.14 пл. Бирюлево-Пасажирская	02.05.2012 4:00	31.12.2012 4:00
241	Места стоянки легковых такси (1 и 2 этап)	УДС Варшавское ш., д.158, к.2 м. Анино	02.05.2012 4:00	31.12.2012 4:00
242	Места стоянки легковых такси (1 и 2 этап)	УДС Кировоградская ул., д.9, к.4 ТЦ Южный	02.05.2012 4:00	31.12.2012 4:00
243	Места стоянки легковых такси (1 и 2 этап)	УДС Варшавское ш., д.80	02.05.2012 4:00	31.12.2012 4:00
244	Места стоянки легковых такси (1 и 2 этап)	УДС Варшавское ш., д.5	02.05.2012 4:00	31.12.2012 4:00
245	Места стоянки легковых такси (1 и 2 этап)	УДС Варшавское ш., д.26 м.Нагатинская	02.05.2012 4:00	31.12.2012 4:00
246	Места стоянки легковых такси (1 и 2 этап)	УДС Загородное ш., д.1	02.05.2012 4:00	31.12.2012 4:00
247	Места стоянки легковых такси (1 и 2 этап)	УДС Мастеркова ул., д.6	02.05.2012 4:00	31.12.2012 4:00
248	Места стоянки легковых такси (1 и 2 этап)	УДС Андропова просп., д.8	02.05.2012 4:00	31.12.2012 4:00
249	Места стоянки легковых такси (1 и 2 этап)	УДС Андропова просп., д.36	02.05.2012 4:00	31.12.2012 4:00
250	Места стоянки легковых такси (1 и 2 этап)	УДС Андропова просп., музей-заповедник Коломенское	02.05.2012 4:00	31.12.2012 4:00
251	Места стоянки легковых такси (1 и 2 этап)	УДС Каширское ш., д.26 м. Каширская	02.05.2012 4:00	31.12.2012 4:00
252	Комплексное обустройство 43 улиц	УДС Люблинская ул.	08.08.2012 4:00	31.12.2012 4:00
253	Комплексное обустройство 43 улиц	УДС Люблинская ул.	08.08.2012 4:00	31.12.2012 4:00
254	Комплексное обустройство 43 улиц	УДС Привольная ул.	08.08.2012 4:00	31.12.2012 4:00
255	Комплексное обустройство 43 улиц	УДС Привольная ул.	06.09.2012 4:00	31.12.2012 4:00
256	Комплексное обустройство 43 улиц	УДС Ташкентская ул.	02.08.2012 4:00	31.12.2012 4:00
257	Комплексное обустройство 43 улиц	УДС Ферганская ул.	03.08.2012 4:00	31.12.2012 4:00
258	Комплексное обустройство 43 улиц	УДС Ферганская ул.	03.08.2012 4:00	31.12.2012 4:00
259	Комплексное обустройство 43 улиц	УДС Ореховый б-р	10.08.2012 4:00	31.12.2012 4:00
260	Комплексное обустройство 43 улиц	УДС Ореховый б-р	10.08.2012 4:00	31.12.2012 4:00
261	Комплексное обустройство 43 улиц	УДС Ореховый б-р	06.08.2012 4:00	31.12.2012 4:00
262	Комплексное обустройство 43 улиц	УДС Ореховый б-р	06.08.2012 4:00	31.12.2012 4:00
263	Комплексное обустройство 43 улиц	УДС Шипиловская ул.	08.08.2012 4:00	31.12.2012 4:00
264	Комплексное обустройство 43 улиц	УДС Шипиловская ул.	08.08.2012 4:00	31.12.2012 4:00
265	Комплексное обустройство 43 улиц	УДС Академика Волгина ул.	23.07.2012 4:00	31.12.2012 4:00
266	Комплексное обустройство 43 улиц	УДС Академика Волгина ул.	23.07.2012 4:00	31.12.2012 4:00
267	Комплексное обустройство 43 улиц	УДС Архитектора Власова ул.	09.08.2012 4:00	31.12.2012 4:00
268	Мероприятия центра борьбы с пробками 1-й этап	УДС Вишневая ул. - Малая наб.Маршала Жукова просп. - МКАД (внутр. сторона) Свободы ул.	11.07.2012 4:00	31.12.2012 4:00
269	Мероприятия центра борьбы с пробками 1-й этап	УДС 15-я Парковая ул. Амурская ул.	12.07.2012 4:00	31.12.2012 4:00
270	Обустройство полос для пассажир. тр-а с делиниатором	УДС Мичуринский пр-т (от ул. Никулинской до Проектируемого пр-да № 5231 при следовании из центра)	16.08.2012 4:00	31.12.2012 4:00
271	Мероприятия центра борьбы с пробками 1-й этап	УДС 5-я Магистральная ул. Софьи Ковалевской ул. Фонвизина ул.	12.07.2012 4:00	31.12.2012 4:00
272	Мероприятия центра борьбы с пробками 1-й этап	УДС Бутлерова ул. Варшавское ш. - Новобутовская ул. Грина ул. Азовская ул.	06.07.2012 4:00	31.12.2012 4:00
273	Комплексное обустройство 57 улиц	УДС Юных Ленинцев ул.	03.08.2012 4:00	31.12.2012 4:00
274	Комплексное обустройство 57 улиц	УДС Борисовский пр-д	24.09.2012 4:00	31.12.2012 4:00
275	Комплексное обустройство 57 улиц	УДС Академика Капицы ул.	24.09.2012 4:00	31.12.2012 4:00
276	Комплексное обустройство 57 улиц	УДС Винокурова ул.	13.08.2012 4:00	31.12.2012 4:00
277	Комплексное обустройство 57 улиц	УДС Керченская ул.	27.09.2012 4:00	31.12.2012 4:00
278	Комплексное обустройство 57 улиц	УДС Опарина ул.	03.08.2012 4:00	31.12.2012 4:00
279	Комплексное обустройство 57 улиц	УДС 50 лет Октября ул.	03.08.2012 4:00	31.12.2012 4:00
280	Комплексное обустройство 57 улиц	УДС Генерала Антонова ул.	21.09.2012 4:00	31.12.2012 4:00
281	Комплексное обустройство 57 улиц	УДС Главмосстроя ул.	03.08.2012 4:00	31.12.2012 4:00
282	Комплексное обустройство 57 улиц	УДС Кременчугская ул.	03.08.2012 4:00	31.12.2012 4:00
283	Комплексное обустройство 57 улиц	УДС Молодогвардейская ул.	03.08.2012 4:00	31.12.2012 4:00
284	Комплексное обустройство 57 улиц	УДС Молодогвардейская ул.	03.08.2012 4:00	31.12.2012 4:00
285	Комплексное обустройство 57 улиц	УДС Новопеределкинская ул.	30.07.2012 4:00	31.12.2012 4:00
286	Комплексное обустройство 57 улиц	УДС Партизанская ул.	03.08.2012 4:00	31.12.2012 4:00
287	Комплексное обустройство 57 улиц	УДС Полоцкая ул.	03.08.2012 4:00	31.12.2012 4:00
288	Комплексное обустройство 57 улиц	УДС Приречная ул.	30.07.2012 4:00	31.12.2012 4:00
289	Комплексное обустройство 57 улиц	УДС Тропаревская ул.	30.07.2012 4:00	31.12.2012 4:00
290	Комплексное обустройство 57 улиц	УДС Шолохова ул.	02.08.2012 4:00	31.12.2012 4:00
291	Комплексное обустройство 57 улиц	УДС Крюково р-он, Логвиненко ул.	09.08.2012 4:00	31.12.2012 4:00
292	Комплексное обустройство 57 улиц	УДС Крюково р-он, проезд №657	06.08.2012 4:00	31.12.2012 4:00
293	Комплексное обустройство 57 улиц	УДС Матушкино р-он, Центральный пр-т, корп. 117	02.08.2012 4:00	31.12.2012 4:00
294	Передаваемые проекты ЗАО и ЗелАО,СВАО	УДС Амундсена ул. от пр. Серебрякова до ул. Снежная	18.07.2012 4:00	31.12.2012 4:00
295	Разовые мероприятия (по поручению мэра)	УДС Люберецкие поля  (в месте пересечения вновь организуемого автоб.маршрута с маршрутом № 726)	09.08.2012 4:00	31.12.2012 4:00
296	Разовые мероприятия (по поручению мэра)	ПП м. Красногвардейская, Ореховый бульвар, д. 24-2А	17.08.2012 4:00	31.12.2012 4:00
297	Разовые мероприятия (по поручению мэра)	ПП м. Бульвар Адмирала Ушакова, от станции метро до ул. Веневская, вдоль ул. Адмирала Лазарева	17.08.2012 4:00	31.12.2012 4:00
298	Разовые мероприятия (по поручению мэра)	ПП м. Выхино, Рязанский пр-т, вл. 99	17.08.2012 4:00	31.12.2012 4:00
299	Разовые мероприятия (по поручению мэра)	ПП м. Измайловская, Измайловский пр, вл. 49	17.08.2012 4:00	31.12.2012 4:00
300	Обустройство полос для пассажир. тр-а с делиниатором	УДС Пролетарский просп. (от ул. Кантемировская до пересечения с Каширским шоссе (при следовании в центр)	16.08.2012 4:00	31.12.2012 4:00
301	Мероприятия центра борьбы с пробками 1-й этап	УДС Подольских Курсантов ул. д.3 стр.25 Подольских Курсантов ул. Харьковская ул.	12.07.2012 4:00	31.12.2012 4:00
302	Мероприятия центра борьбы с пробками 1-й этап	УДС Береговой пр. - Пр.пр. № 153 Кастанаевская ул......Университетский просп. - Ленинский просп.	12.07.2012 4:00	31.12.2012 4:00
303	Мероприятия центра борьбы с пробками 1-й этап	УДС Подольских Курсантов ул. - Дорожная ул. Подольских Курсантов ул. - Ступинский пр. Подольских Курсантов ул. д.26	12.07.2012 4:00	31.12.2012 4:00
304	Мероприятия центра борьбы с пробками 1-й этап	УДС Академика Варги ул. Теплый Стан ул.	12.07.2012 4:00	31.12.2012 4:00
305	Мероприятия центра борьбы с пробками 1-й этап	УДС Липецкая ул. - Лебедянская ул. Москворечье ул. - Котляковская ул.	12.07.2012 4:00	31.12.2012 4:00
306	Мероприятия центра борьбы с пробками 1-й этап	УДС Булатниковская ул. - Востряковский пр........Садовники ул. Липецкая ул. - 6-я Радиальная ул.	12.07.2012 4:00	31.12.2012 4:00
307	Мероприятия центра борьбы с пробками 1-й этап	УДС Андропова просп. у ст.м. Коломенская Харьковская ул. - Медынская ул.	12.07.2012 4:00	31.12.2012 4:00
308	Мероприятия центра борьбы с пробками 1-й этап	УДС Борисовские пруды ул. - Наташинский пр. Новоданиловская наб. Андропова просп.	12.07.2012 4:00	31.12.2012 4:00
309	Мероприятия центра борьбы с пробками 1-й этап	УДС Малая Филевская ул. - Полосухина ул......Центральная ул. - Аэрофлотская ул.	12.07.2012 4:00	31.12.2012 4:00
310	Мероприятия центра борьбы с пробками 1-й этап	УДС Дербеневская ул. д. 9 Брусилова ул. , д.15 Голубинская ул. – Новоясеневский пр-т Одесская ул. Болотниковская ул.	12.07.2012 4:00	31.12.2012 4:00
311	Мероприятия центра борьбы с пробками 1-й этап	УДС Волгоградский пр-т – Ташкентская ул.Артамонова ул. Кутузовский пр-т – ул. Минская Ярцевская ул. - Партизанская ул.	12.07.2012 4:00	31.12.2012 4:00
312	Мероприятия центра борьбы с пробками 1-й этап	УДС Алабяна ул.  – ул. Зорге Бескудниковский бул.......Тимирязевская ул. – Красностуденческий пр-д  МКАД 68 км	12.07.2012 4:00	31.12.2012 4:00
313	Мероприятия центра борьбы с пробками 1-й этап	УДС ул.Дубнинская	12.07.2012 4:00	31.12.2012 4:00
314	Парковочное пространство на УДС	УДС Дмитровка М. ул. - Цветной бульвар пр1 титул 2012	27.07.2012 4:00	31.12.2012 4:00
315	Формирование пилотной зоны платного паркования	УДС ул.Петровка-Каретный ряд	12.11.2012 4:00	31.12.2012 4:00
316	Устройство ограждений для ОРП	ОРП Юных Ленинцев ул., д.108, с.1	29.10.2012 4:00	31.12.2012 4:00
317	Устройство ограждений для ОРП	ОРП Веневская ул., д.2	24.10.2012 4:00	31.12.2012 4:00
318	Мероприятия центра борьбы с пробками 2-й этап	УДС ул. Авиаторов - ул. Родниковая (устройство а/д)	19.10.2012 4:00	31.12.2012 4:00
319	Мероприятия центра борьбы с пробками 2-й этап	УДС ул. Архитектора Власова - ул. Наметкина (расширение проезжей части)	19.10.2012 4:00	31.12.2012 4:00
320	Мероприятия центра борьбы с пробками 2-й этап	УДС ул. Дорожная (в районе 1-го Дорожного проезда) (устройство а/д),  МКАД 27 км  (устройство а/д)	19.10.2012 4:00	31.12.2012 4:00
321	Мероприятия центра борьбы с пробками 2-й этап	УДС ул. Тагильская - ул. Амурская (устройство а/д)	19.10.2012 4:00	31.12.2012 4:00
322	Мероприятия центра борьбы с пробками 2-й этап	УДС Голубинс. ул.-Тарусская ул.-Ясногорская ул (устр. разворота), ул.Брусилова- ул. Обводная дорога (устр. разворота), МКАД 38 КМ (устр. разворота), Ленинский просп.- ул. Стасовой (расш. Пр. части), Обручева ул.-ул.Введенского (расш. Пр. части)	15.10.2012 4:00	31.12.2012 4:00
323	Устройство ограждений для ОРП	ОРП Федосьино ул., д.5	26.10.2012 4:00	31.12.2012 4:00
324	Комплексное обустройство 43 улиц	УДС Херсонская ул.	06.08.2012 4:00	31.12.2012 4:00
325	Комплексное обустройство 43 улиц	УДС Херсонская ул.	06.08.2012 4:00	31.12.2012 4:00
326	Комплексное обустройство 43 улиц	УДС Осенняя ул.	27.07.2012 4:00	31.12.2012 4:00
327	Комплексное обустройство 43 улиц	УДС Покрышкина ул.	02.08.2012 4:00	31.12.2012 4:00
328	Комплексное обустройство 43 улиц	УДС Покрышкина ул.	20.08.2012 4:00	31.12.2012 4:00
329	Комплексное обустройство 43 улиц	УДС Скульптора Мухиной ул.	23.07.2012 4:00	31.12.2012 4:00
330	Комплексное обустройство 43 улиц	УДС Чоботовская ул.	23.07.2012 4:00	31.12.2012 4:00
331	Комплексное обустройство 43 улиц	УДС Андреевка ул.(рн.Крюково)	27.07.2012 4:00	31.12.2012 4:00
332	Комплексное обустройство 43 улиц	УДС 4921 пр.(рн.Савелкин)	23.07.2012 4:00	31.12.2012 4:00
333	Комплексное обустройство 43 улиц	УДС Болдов Ручей ул.(рн.Силино)	06.08.2012 4:00	31.12.2012 4:00
334	Мероприятия центра борьбы с пробками 1-й этап	УДС Верхние Поля ул. - Марьинский парк ул.	09.08.2012 4:00	31.12.2012 4:00
335	Мероприятия центра борьбы с пробками 1-й этап	УДС Борисовские Пруды ул. - Проектируемый пр. №5396	12.07.2012 4:00	31.12.2012 4:00
336	Мероприятия центра борьбы с пробками 1-й этап	УДС Семёновская Большая ул.	11.07.2012 4:00	31.12.2012 4:00
337	Передаваемые проекты ЗАО и ЗелАО,СВАО	УДС Абрамцевская ул., д.1, 3, 10, 16, 24	06.07.2012 4:00	31.12.2012 4:00
338	Передаваемые проекты ЗАО и ЗелАО,СВАО	УДС Бибиревская ул., д.7, к.1	29.06.2012 4:00	31.12.2012 4:00
339	Передаваемые проекты ЗАО и ЗелАО,СВАО	УДС Корнейчука ул., д.47, 54	06.07.2012 4:00	31.12.2012 4:00
340	Передаваемые проекты ЗАО и ЗелАО,СВАО	УДС Корнейчука ул., ост. Поликлиника	06.07.2012 4:00	31.12.2012 4:00
341	Передаваемые проекты ЗАО и ЗелАО,СВАО	УДС Павла Корчагина ул., д.8	29.06.2012 4:00	31.12.2012 4:00
342	Передаваемые проекты ЗАО и ЗелАО,СВАО	УДС Римского-Корсакова ул., д.20, 13а	03.07.2012 4:00	31.12.2012 4:00
343	Передаваемые проекты ЗАО и ЗелАО,СВАО	УДС Нансена пр., ул. Снежная до пр. Серебрякова	13.08.2012 4:00	31.12.2012 4:00
344	Передаваемые проекты ЗАО и ЗелАО,СВАО	УДС Инженерная ул., д.7, 22	06.07.2012 4:00	31.12.2012 4:00
345	Передаваемые проекты ЗАО и ЗелАО,СВАО	УДС проезд №6108, соединяющий ул. Полярная и Шокальского пр.	29.06.2012 4:00	31.12.2012 4:00
346	Передаваемые проекты ЗАО и ЗелАО,СВАО	УДС Северодвинская ул., д.11	06.07.2012 4:00	31.12.2012 4:00
347	Передаваемые проекты ЗАО и ЗелАО,СВАО	УДС остановка Улица Римского-Корсакова	06.07.2012 4:00	31.12.2012 4:00
348	Передаваемые проекты ЗАО и ЗелАО,СВАО	УДС Молодцова ул. - остановка Завод мостовых конструкций	16.07.2012 4:00	31.12.2012 4:00
349	Передаваемые проекты ЗАО и ЗелАО,СВАО	УДС Полярная ул. (на остановке Поликлиника с нечетной стороны улицы)	18.07.2012 4:00	31.12.2012 4:00
350	Передаваемые проекты ЗАО и ЗелАО,СВАО	УДС Полярная ул. (на остановке Поликлиника с четной стороны улицы)	20.06.2012 4:00	31.12.2012 4:00
351	Комплексное обустройство 57 улиц	УДС Каргопольская ул.	08.08.2012 4:00	31.12.2012 4:00
352	Передаваемые проекты ЗАО и ЗелАО,СВАО	УДС Каргопольская ул.	06.08.2012 4:00	31.12.2012 4:00
353	Передаваемые проекты ЗАО и ЗелАО,СВАО	УДС Игарский пр.	06.08.2012 4:00	31.12.2012 4:00
354	Разовые мероприятия (по поручению мэра)	ПП Проектируемый пр., 5108	24.07.2012 4:00	31.12.2012 4:00
355	Разовые мероприятия (по поручению мэра)	ПП Проектируемый пр., 5108	24.07.2012 4:00	31.12.2012 4:00
356	Разовые мероприятия (по поручению мэра)	ПП Проектируемый пр., 5108	10.08.2012 4:00	31.12.2012 4:00
357	Разовые мероприятия (по поручению мэра)	ПП Профсоюзная ул. вл.125	29.08.2012 4:00	31.12.2012 4:00
358	Разовые мероприятия (по поручению мэра)	ПП Продольный пр. (ч.1 и 2)	08.09.2012 4:00	31.12.2012 4:00
359	Разовые мероприятия (по поручению мэра)	ПП Сергея Эйзенштейна ул., напротив вл.8	08.09.2012 4:00	31.12.2012 4:00
360	Комплексное обустройство 57 улиц	УДС Двинцев ул.	09.08.2012 4:00	31.12.2012 4:00
361	Комплексное обустройство 57 улиц	УДС Корнейчука ул.	02.08.2012 4:00	31.12.2012 4:00
362	Комплексное обустройство 57 улиц	УДС Маломосковская ул.	09.08.2012 4:00	31.12.2012 4:00
363	Комплексное обустройство 57 улиц	УДС Нансена пр-д	13.08.2012 4:00	31.12.2012 4:00
364	Комплексное обустройство 57 улиц	УДС Полярная ул.	08.08.2012 4:00	31.12.2012 4:00
365	Комплексное обустройство 57 улиц	УДС Римского - Корсакова ул.	02.08.2012 4:00	31.12.2012 4:00
366	Комплексное обустройство 57 улиц	УДС Северодвинская ул.	13.08.2012 4:00	31.12.2012 4:00
367	Комплексное обустройство 57 улиц	УДС Якушкина пр-д	03.08.2012 4:00	31.12.2012 4:00
368	Комплексное обустройство 57 улиц	УДС Авиамоторная ул.	02.08.2012 4:00	31.12.2012 4:00
369	Комплексное обустройство 57 улиц	УДС Волжский бул.	03.08.2012 4:00	31.12.2012 4:00
370	Комплексное обустройство 57 улиц	УДС Краснодарская ул.	10.08.2012 4:00	31.12.2012 4:00
371	Комплексное обустройство 57 улиц	УДС Краснодарская ул.	10.08.2012 4:00	31.12.2012 4:00
372	Комплексное обустройство 57 улиц	УДС Краснодонская ул.	03.08.2012 4:00	31.12.2012 4:00
373	Комплексное обустройство 57 улиц	УДС Краснодонская ул.	03.08.2012 4:00	31.12.2012 4:00
374	Комплексное обустройство 57 улиц	УДС Саратовская ул.	21.08.2012 4:00	31.12.2012 4:00
375	Комплексное обустройство 57 улиц	УДС Совхозная ул.	03.08.2012 4:00	31.12.2012 4:00
376	Комплексное обустройство 57 улиц	УДС Ставропольская ул.	13.08.2012 4:00	31.12.2012 4:00
377	Комплексное обустройство 57 улиц	УДС Судакова ул.	21.08.2012 4:00	31.12.2012 4:00
378	Комплексное обустройство 57 улиц	УДС Федора Полетаева ул.	03.08.2012 4:00	31.12.2012 4:00
379	Комплексное обустройство 57 улиц	УДС Шоссейная ул.	03.08.2012 4:00	31.12.2012 4:00
